instant,dteday,season,yr,mnth,holiday,weekday,workingday,weathersit,temp,atemp,hum,windspeed,casual,registered,cnt
1,01/01/2011,1,0,1,0,6,0,2,14.11,18.18,80.58,10.75,331,654,985
2,02/01/2011,1,0,1,0,0,0,2,14.9,17.69,69.61,16.65,131,670,801
3,03/01/2011,1,0,1,0,1,1,1,8.05,9.47,43.73,16.64,120,1229,1349
4,04/01/2011,1,0,1,0,2,1,1,8.2,10.61,59.04,10.74,108,1454,1562
5,05/01/2011,1,0,1,0,3,1,1,9.31,11.46,43.7,12.52,82,1518,1600
6,06/01/2011,1,0,1,0,4,1,1,8.38,11.66,51.83,6,88,1518,1606
7,07/01/2011,1,0,1,0,5,1,2,8.06,10.44,49.87,11.3,148,1362,1510
8,08/01/2011,1,0,1,0,6,0,2,6.77,8.11,53.58,17.88,68,891,959
9,09/01/2011,1,0,1,0,0,0,1,5.67,5.81,43.42,24.25,54,768,822
10,10/01/2011,1,0,1,0,1,1,1,6.18,7.54,48.29,14.96,41,1280,1321
11,11/01/2011,1,0,1,0,2,1,2,6.93,9.57,68.64,8.18,43,1220,1263
12,12/01/2011,1,0,1,0,3,1,1,7.08,8.02,59.95,20.41,25,1137,1162
13,13/01/2011,1,0,1,0,4,1,1,6.77,7.54,47.04,20.17,38,1368,1406
14,14/01/2011,1,0,1,0,5,1,1,6.6,9.42,53.78,8.48,54,1367,1421
15,15/01/2011,1,0,1,0,6,0,2,9.57,12.41,49.88,10.58,222,1026,1248
16,16/01/2011,1,0,1,0,0,0,1,9.5,11.71,48.38,12.63,251,953,1204
17,17/01/2011,1,0,1,1,1,0,2,7.21,8.84,53.75,13,117,883,1000
18,18/01/2011,1,0,1,0,2,1,2,8.88,11.62,86.17,9.83,9,674,683
19,19/01/2011,1,0,1,0,3,1,2,11.98,14.92,74.17,13.96,78,1572,1650
20,20/01/2011,1,0,1,0,4,1,2,10.73,12.75,53.83,13.13,83,1844,1927
21,21/01/2011,1,0,1,0,5,1,1,7.28,7.89,45.71,23.67,75,1468,1543
22,22/01/2011,1,0,1,0,6,0,1,2.42,3.95,40,11.52,93,888,981
23,23/01/2011,1,0,1,0,0,0,1,3.96,4.94,43.65,16.52,150,836,986
24,24/01/2011,1,0,1,0,1,1,1,3.99,5.9,49.17,10.61,86,1330,1416
25,25/01/2011,1,0,1,0,2,1,2,9.16,11.73,61.7,8.7,186,1799,1985
26,26/01/2011,1,0,1,0,3,1,3,8.92,10.18,86.25,19.69,34,472,506
27,27/01/2011,1,0,1,0,4,1,1,8,10.99,68.75,7.63,15,416,431
28,28/01/2011,1,0,1,0,5,1,2,8.34,11.17,79.3,8.26,38,1129,1167
29,29/01/2011,1,0,1,0,6,0,1,8.06,10.61,65.17,9.74,123,975,1098
30,30/01/2011,1,0,1,0,0,0,1,8.88,12.52,72.22,4.96,140,956,1096
31,31/01/2011,1,0,1,0,1,1,2,7.41,9.31,60.38,12.54,42,1459,1501
32,01/02/2011,1,0,2,0,2,1,2,7.88,11.73,82.96,3.57,47,1313,1360
33,02/02/2011,1,0,2,0,3,1,2,10.66,12.72,77.54,17.71,72,1454,1526
34,03/02/2011,1,0,2,0,4,1,1,7.67,8.89,43.78,18.61,61,1489,1550
35,04/02/2011,1,0,2,0,5,1,2,8.66,11.43,58.52,8.57,88,1620,1708
36,05/02/2011,1,0,2,0,6,0,2,9.57,12.15,92.92,10.79,100,905,1005
37,06/02/2011,1,0,2,0,0,0,1,11.72,14.58,56.83,9.5,354,1269,1623
38,07/02/2011,1,0,2,0,1,1,1,11.14,15.18,73.83,3.04,120,1592,1712
39,08/02/2011,1,0,2,0,2,1,1,9.05,9.91,53.79,24.25,64,1466,1530
40,09/02/2011,1,0,2,0,3,1,2,5.53,7.21,49.48,12.65,53,1552,1605
41,10/02/2011,1,0,2,0,4,1,1,5.92,7.48,43.74,14.87,47,1491,1538
42,11/02/2011,1,0,2,0,5,1,1,7.75,10.68,50.64,7.27,149,1597,1746
43,12/02/2011,1,0,2,0,6,0,1,9.12,11.65,54.42,13.63,288,1184,1472
44,13/02/2011,1,0,2,0,0,0,1,12.98,16.21,45.74,17.48,397,1192,1589
45,14/02/2011,1,0,2,0,1,1,1,17.02,19.92,37.58,28,208,1705,1913
46,15/02/2011,1,0,2,0,2,1,1,10.91,12.71,31.43,19.52,140,1675,1815
47,16/02/2011,1,0,2,0,3,1,1,13.05,15.81,42.35,16.87,218,1897,2115
48,17/02/2011,1,0,2,0,4,1,1,17.87,21.43,50.5,15.42,259,2216,2475
49,18/02/2011,1,0,2,0,5,1,1,21.39,25.6,51.67,17.75,579,2348,2927
50,19/02/2011,1,0,2,0,6,0,1,16.37,19.57,18.79,34,532,1103,1635
51,20/02/2011,1,0,2,0,0,0,1,11.69,13.87,40.78,14.96,639,1173,1812
52,21/02/2011,1,0,2,1,1,0,2,12.44,14.2,60.5,20.63,195,912,1107
53,22/02/2011,1,0,2,0,2,1,1,7.47,9.3,57.78,13.11,74,1376,1450
54,23/02/2011,1,0,2,0,3,1,1,9.09,12.29,42.3,6.31,139,1778,1917
55,24/02/2011,1,0,2,0,4,1,2,12.12,14.46,69.74,16.78,100,1707,1807
56,25/02/2011,1,0,2,0,5,1,2,14.94,17.52,71.22,23.22,120,1341,1461
57,26/02/2011,1,0,2,0,6,0,1,11.58,14.11,53.79,12.5,424,1545,1969
58,27/02/2011,1,0,2,0,0,0,1,14.08,17.56,68,8.39,694,1708,2402
59,28/02/2011,1,0,2,0,1,1,2,16.7,20.01,87.64,19.41,81,1365,1446
60,01/03/2011,1,0,3,0,2,1,1,10.93,13.19,53.5,14.5,137,1714,1851
61,02/03/2011,1,0,3,0,3,1,1,13.74,16,44.96,20.62,231,1903,2134
62,03/03/2011,1,0,3,0,4,1,1,8.13,10.01,31.83,15.13,123,1562,1685
63,04/03/2011,1,0,3,0,5,1,2,10.73,12.78,61.04,13.62,214,1730,1944
64,05/03/2011,1,0,3,0,6,0,2,15.75,18.94,78.92,16.88,640,1437,2077
65,06/03/2011,1,0,3,0,0,0,2,15.44,18.31,94.83,23,114,491,605
66,07/03/2011,1,0,3,0,1,1,1,10.73,11.92,55.13,22.87,244,1628,1872
67,08/03/2011,1,0,3,0,2,1,1,11.99,15.12,42.08,8.08,316,1817,2133
68,09/03/2011,1,0,3,0,3,1,2,12.13,14.33,77.54,14.75,191,1700,1891
69,10/03/2011,1,0,3,0,4,1,3,15.95,19.28,0,17.55,46,577,623
70,11/03/2011,1,0,3,0,5,1,2,12.98,15.25,64.96,15.61,247,1730,1977
71,12/03/2011,1,0,3,0,6,0,1,13.5,16.29,59.46,14.79,724,1408,2132
72,13/03/2011,1,0,3,0,0,0,1,15.76,19,52.74,18.13,982,1435,2417
73,14/03/2011,1,0,3,0,1,1,1,13.33,16.6,49.7,9.17,359,1687,2046
74,15/03/2011,1,0,3,0,2,1,2,13.01,15.91,65.57,12.35,289,1767,2056
75,16/03/2011,1,0,3,0,3,1,2,14.97,18.35,77.65,13.61,321,1871,2192
76,17/03/2011,1,0,3,0,4,1,1,17.02,20.52,60.29,14.04,424,2320,2744
77,18/03/2011,1,0,3,0,5,1,1,22.14,26.35,52.52,15.48,884,2355,3239
78,19/03/2011,1,0,3,0,6,0,1,19.37,23.33,37.92,24.67,1424,1693,3117
79,20/03/2011,1,0,3,0,0,0,1,13.63,16.29,47.38,13.92,1047,1424,2471
80,21/03/2011,2,0,3,0,1,1,2,17.65,20.49,73.74,19.35,401,1676,2077
81,22/03/2011,2,0,3,0,2,1,1,18.11,22.03,62.46,15.13,460,2243,2703
82,23/03/2011,2,0,3,0,3,1,2,14.23,16.9,83.96,15.7,203,1918,2121
83,24/03/2011,2,0,3,0,4,1,2,11.69,13.54,80.58,16.33,166,1699,1865
84,25/03/2011,2,0,3,0,5,1,1,10.83,12.82,49.5,15.46,300,1910,2210
85,26/03/2011,2,0,3,0,6,0,1,10.9,12.88,39.42,14.04,981,1515,2496
86,27/03/2011,2,0,3,0,0,0,2,10.37,12.52,49.39,12.35,472,1221,1693
87,28/03/2011,2,0,3,0,1,1,1,10.84,12.88,30.22,14.22,222,1806,2028
88,29/03/2011,2,0,3,0,2,1,1,12.4,14.65,31.42,15.21,317,2108,2425
89,30/03/2011,2,0,3,0,3,1,2,12.3,14.87,64.67,11.58,168,1368,1536
90,31/03/2011,2,0,3,0,4,1,3,11,12.88,91.83,14.58,179,1506,1685
91,01/04/2011,2,0,4,0,5,1,2,12.3,14.17,68.63,17.33,307,1920,2227
92,02/04/2011,2,0,4,0,6,0,2,12.92,15.78,65.38,13.21,898,1354,2252
93,03/04/2011,2,0,4,0,0,0,1,15.51,18.94,48,12.21,1651,1598,3249
94,04/04/2011,2,0,4,0,1,1,1,23.51,27.15,42.63,25.83,734,2381,3115
95,05/04/2011,2,0,4,0,2,1,2,16.98,19.92,64.21,26,167,1628,1795
96,06/04/2011,2,0,4,0,3,1,1,16.02,19.38,47.08,17.63,413,2395,2808
97,07/04/2011,2,0,4,0,4,1,1,17.94,21.68,60.29,10.87,571,2570,3141
98,08/04/2011,2,0,4,0,5,1,2,13.77,16.22,83.63,15.21,172,1299,1471
99,09/04/2011,2,0,4,0,6,0,2,14.04,17.08,87.75,8.92,879,1576,2455
100,10/04/2011,2,0,4,0,0,0,2,17.49,21.34,85.75,9.83,1188,1707,2895
101,11/04/2011,2,0,4,0,1,1,2,24.42,28.26,71.7,21.74,855,2493,3348
102,12/04/2011,2,0,4,0,2,1,2,20.6,24.65,73.92,18.42,257,1777,2034
103,13/04/2011,2,0,4,0,3,1,2,16.91,20.86,81.92,16.79,209,1953,2162
104,14/04/2011,2,0,4,0,4,1,1,19.17,23.14,54.04,7.42,529,2738,3267
105,15/04/2011,2,0,4,1,5,0,1,18.31,22.1,67.13,15.17,642,2484,3126
106,16/04/2011,2,0,4,0,6,0,3,17.66,21.27,88.83,22.83,121,674,795
107,17/04/2011,2,0,4,0,0,0,1,18.72,22.28,47.96,20.33,1558,2186,3744
108,18/04/2011,2,0,4,0,1,1,1,21.01,25.16,54.25,10.96,669,2760,3429
109,19/04/2011,2,0,4,0,2,1,2,20.74,24.46,66.58,10.58,409,2795,3204
110,20/04/2011,2,0,4,0,3,1,1,24.4,28.22,61.42,16.21,613,3331,3944
111,21/04/2011,2,0,4,0,4,1,1,18.83,22.69,40.71,21.79,745,3444,4189
112,22/04/2011,2,0,4,0,5,1,2,13.8,16.1,72.96,14.71,177,1506,1683
113,23/04/2011,2,0,4,0,6,0,2,18.86,22.51,88.79,15.46,1462,2574,4036
114,24/04/2011,2,0,4,0,0,0,2,23.85,27.59,81.08,12.88,1710,2481,4191
115,25/04/2011,2,0,4,0,1,1,1,24.87,28.73,77.67,12.42,773,3300,4073
116,26/04/2011,2,0,4,0,2,1,1,25.9,29.7,72.92,21.88,678,3722,4400
117,27/04/2011,2,0,4,0,3,1,2,25.42,28.76,83.54,20.92,547,3325,3872
118,28/04/2011,2,0,4,0,4,1,2,25.32,28.95,70.08,21.5,569,3489,4058
119,29/04/2011,2,0,4,0,5,1,1,20.91,24.87,45.71,16.08,878,3717,4595
120,30/04/2011,2,0,4,0,6,0,1,19.37,23.2,50.33,15.75,1965,3347,5312
121,01/05/2011,2,0,5,0,0,0,2,18.52,22.41,76.21,7.13,1138,2213,3351
122,02/05/2011,2,0,5,0,1,1,2,22.52,26.64,73,12.29,847,3554,4401
123,03/05/2011,2,0,5,0,2,1,2,25.28,29.1,69.71,22.96,603,3848,4451
124,04/05/2011,2,0,5,0,3,1,2,16.98,20.23,73.71,22.04,255,2378,2633
125,05/05/2011,2,0,5,0,4,1,1,18.83,22.1,44.42,19.79,614,3819,4433
126,06/05/2011,2,0,5,0,5,1,1,19.65,23.71,59,15.29,894,3714,4608
127,07/05/2011,2,0,5,0,6,0,1,21.32,25.63,54.13,10.75,1612,3102,4714
128,08/05/2011,2,0,5,0,0,0,1,21.66,25.95,63.17,5,1401,2932,4333
129,09/05/2011,2,0,5,0,1,1,1,21.83,26.26,58.88,11.79,664,3698,4362
130,10/05/2011,2,0,5,0,2,1,1,21.83,26.14,48.92,7.75,694,4109,4803
131,11/05/2011,2,0,5,0,3,1,1,22.24,26.42,63.29,8.08,550,3632,4182
132,12/05/2011,2,0,5,0,4,1,1,21.94,26.17,74.75,12.71,695,4169,4864
133,13/05/2011,2,0,5,0,5,1,2,21.01,24.72,86.33,12.04,692,3413,4105
134,14/05/2011,2,0,5,0,6,0,2,21.35,25.03,92.25,9.04,902,2507,3409
135,15/05/2011,2,0,5,0,0,0,2,23.06,26.8,86.71,10.25,1582,2971,4553
136,16/05/2011,2,0,5,0,1,1,1,23.68,27.53,78.79,8.5,773,3185,3958
137,17/05/2011,2,0,5,0,2,1,2,23.03,26.93,83.79,18.58,678,3445,4123
138,18/05/2011,2,0,5,0,3,1,2,22.55,26.36,87,13.5,536,3319,3855
139,19/05/2011,2,0,5,0,4,1,2,21.76,25.54,82.96,7.25,735,3840,4575
140,20/05/2011,2,0,5,0,5,1,1,22,26.45,71.96,8.38,909,4008,4917
141,21/05/2011,2,0,5,0,6,0,1,24.7,28.6,62.67,8.08,2258,3547,5805
142,22/05/2011,2,0,5,0,0,0,1,24.77,28.73,74.96,9.92,1576,3084,4660
143,23/05/2011,2,0,5,0,1,1,2,25.9,29.51,81,15.67,836,3438,4274
144,24/05/2011,2,0,5,0,2,1,2,27.06,30.24,74.08,13.88,659,3833,4492
145,25/05/2011,2,0,5,0,3,1,1,27.09,30.78,69.63,10.33,740,4238,4978
146,26/05/2011,2,0,5,0,4,1,1,29.04,32.73,67.75,13.38,758,3919,4677
147,27/05/2011,2,0,5,0,5,1,1,27.95,31.85,65.38,16.13,871,3808,4679
148,28/05/2011,2,0,5,0,6,0,1,26.89,30.62,72.96,15.42,2001,2757,4758
149,29/05/2011,2,0,5,0,0,0,1,27.37,30.78,81.88,14.33,2355,2433,4788
150,30/05/2011,2,0,5,1,1,0,1,30.07,33.55,68.5,8.79,1549,2549,4098
151,31/05/2011,2,0,5,0,2,1,1,31.78,36.27,63.67,7.46,673,3309,3982
152,01/06/2011,2,0,6,0,3,1,2,31.33,36.05,67.71,13.88,513,3461,3974
153,02/06/2011,2,0,6,0,4,1,1,29.32,32.2,30.5,19.58,736,4232,4968
154,03/06/2011,2,0,6,0,5,1,1,25.42,29.36,35.42,16.96,898,4414,5312
155,04/06/2011,2,0,6,0,6,0,1,26.04,29.73,45.63,8.25,1869,3473,5342
156,05/06/2011,2,0,6,0,0,0,2,26.58,30.84,65.25,9.29,1685,3221,4906
157,06/06/2011,2,0,6,0,1,1,1,27.81,31.09,60,8.17,673,3875,4548
158,07/06/2011,2,0,6,0,2,1,1,29.01,32.8,59.79,12.58,763,4070,4833
159,08/06/2011,2,0,6,0,3,1,1,31.81,36.36,62.21,9.17,676,3725,4401
160,09/06/2011,2,0,6,0,4,1,2,33.14,37.88,56.83,10.04,563,3352,3915
161,10/06/2011,2,0,6,0,5,1,1,30.96,35.16,60.5,9.42,815,3771,4586
162,11/06/2011,2,0,6,0,6,0,1,29.73,33.9,65.46,10.37,1729,3237,4966
163,12/06/2011,2,0,6,0,0,0,1,28.39,32.17,74.79,10.96,1467,2993,4460
164,13/06/2011,2,0,6,0,1,1,1,26.04,30.08,49.46,20.46,863,4157,5020
165,14/06/2011,2,0,6,0,2,1,1,24.77,29.58,50.71,18.04,727,4164,4891
166,15/06/2011,2,0,6,0,3,1,1,25.69,29.39,47.17,11.25,769,4411,5180
167,16/06/2011,2,0,6,0,4,1,2,25.76,29.77,68.83,13.83,545,3222,3767
168,17/06/2011,2,0,6,0,5,1,1,26.62,30.02,73.58,9.58,863,3981,4844
169,18/06/2011,2,0,6,0,6,0,1,28.56,32.2,67.04,8,1807,3312,5119
170,19/06/2011,2,0,6,0,0,0,2,28.67,32.29,66.67,6.83,1639,3105,4744
171,20/06/2011,2,0,6,0,1,1,2,26.04,29.77,74.63,10.42,699,3311,4010
172,21/06/2011,3,0,6,0,2,1,2,27.91,31.88,77.04,11.46,774,4061,4835
173,22/06/2011,3,0,6,0,3,1,1,30.07,34.69,70.75,11.54,661,3846,4507
174,23/06/2011,3,0,6,0,4,1,2,29.86,34.69,70.33,16,746,4044,4790
175,24/06/2011,3,0,6,0,5,1,1,29.69,32.83,57.33,14.88,969,4022,4991
176,25/06/2011,3,0,6,0,6,0,1,28.5,32.17,48.33,14.04,1782,3420,5202
177,26/06/2011,3,0,6,0,0,0,1,27.88,31.88,51.33,6.33,1920,3385,5305
178,27/06/2011,3,0,6,0,1,1,2,27.98,31.85,65.83,7.21,854,3854,4708
179,28/06/2011,3,0,6,0,2,1,1,30.51,34.63,63.42,9.67,732,3916,4648
180,29/06/2011,3,0,6,0,3,1,1,29.86,32.73,49.79,17.54,848,4377,5225
181,30/06/2011,3,0,6,0,4,1,1,28.56,31.85,43.42,12.42,1027,4488,5515
182,01/07/2011,3,0,7,0,5,1,1,29.62,32.61,39.63,6.87,1246,4116,5362
183,02/07/2011,3,0,7,0,6,0,1,30.27,33.37,44.46,7.71,2204,2915,5119
184,03/07/2011,3,0,7,0,0,0,2,29.38,33.43,68.25,15.33,2282,2367,4649
185,04/07/2011,3,0,7,1,1,0,2,29.79,33.27,63.79,5.46,3065,2978,6043
186,05/07/2011,3,0,7,0,2,1,1,30.61,34.82,59.04,8.46,1031,3634,4665
187,06/07/2011,3,0,7,0,3,1,1,29.52,34.28,74.33,10.04,784,3845,4629
188,07/07/2011,3,0,7,0,4,1,1,30.75,34.34,65.13,10.67,754,3838,4592
189,08/07/2011,3,0,7,0,5,1,2,29.08,33.52,75.79,15.08,692,3348,4040
190,09/07/2011,3,0,7,0,6,0,1,30.07,33.21,60.92,11.25,1988,3348,5336
191,10/07/2011,3,0,7,0,0,0,1,30.65,34.5,57.83,12.29,1743,3138,4881
192,11/07/2011,3,0,7,0,1,1,1,31.26,36.49,63.58,18.92,723,3363,4086
193,12/07/2011,3,0,7,0,2,1,1,32.56,36.96,55.92,13.42,662,3596,4258
194,13/07/2011,3,0,7,0,3,1,1,30.61,34.47,63.17,9.79,748,3594,4342
195,14/07/2011,3,0,7,0,4,1,1,27.91,31.76,47.63,16.12,888,4196,5084
196,15/07/2011,3,0,7,0,5,1,1,27.2,31.22,59.13,12.25,1318,4220,5538
197,16/07/2011,3,0,7,0,6,0,1,28.15,31.91,58.5,13.96,2418,3505,5923
198,17/07/2011,3,0,7,0,0,0,1,29.49,33.49,60.42,16.42,2006,3296,5302
199,18/07/2011,3,0,7,0,1,1,1,30.61,35.2,65.13,14.46,841,3617,4458
200,19/07/2011,3,0,7,0,2,1,1,31.84,37.37,65.04,8.75,752,3789,4541
201,20/07/2011,3,0,7,0,3,1,1,31.5,37.34,70.71,7.63,644,3688,4332
202,21/07/2011,3,0,7,0,4,1,2,33.42,41.32,69.13,14.88,632,3152,3784
203,22/07/2011,3,0,7,0,5,1,1,34.78,42.04,58.04,8.92,562,2825,3387
204,23/07/2011,3,0,7,0,6,0,1,34.82,40.21,50,8.79,987,2298,3285
205,24/07/2011,3,0,7,0,0,0,1,34.03,39.74,55.08,11.33,1050,2556,3606
206,25/07/2011,3,0,7,0,1,1,1,30.48,36.05,75.71,6.08,568,3272,3840
207,26/07/2011,3,0,7,0,2,1,1,31.64,34.85,54.08,13.42,750,3840,4590
208,27/07/2011,3,0,7,0,3,1,1,31.78,34.53,40.29,12.29,755,3901,4656
209,28/07/2011,3,0,7,0,4,1,1,31.95,37,58.33,11.96,606,3784,4390
210,29/07/2011,3,0,7,0,5,1,1,34.37,39.3,54.25,11.67,670,3176,3846
211,30/07/2011,3,0,7,0,6,0,1,32.97,36.43,46.58,11.29,1559,2916,4475
212,31/07/2011,3,0,7,0,0,0,1,33.04,36.49,48.08,11.04,1524,2778,4302
213,01/08/2011,3,0,8,0,1,1,1,31.64,35.16,55.08,10.5,729,3537,4266
214,02/08/2011,3,0,8,0,2,1,1,32.12,35.35,49.13,13.79,801,4044,4845
215,03/08/2011,3,0,8,0,3,1,2,30,34,65.75,9.08,467,3107,3574
216,04/08/2011,3,0,8,0,4,1,2,29.11,33.24,75.75,13.21,799,3777,4576
217,05/08/2011,3,0,8,0,5,1,1,29.14,32.83,63.08,12.37,1023,3843,4866
218,06/08/2011,3,0,8,0,6,0,2,29.38,33.81,75.5,15.29,1521,2773,4294
219,07/08/2011,3,0,8,0,0,0,1,30.44,35.76,75.29,13.5,1298,2487,3785
220,08/08/2011,3,0,8,0,1,1,1,31.37,35.16,59.21,12.88,846,3480,4326
221,09/08/2011,3,0,8,0,2,1,1,31.78,36.21,57.04,10.13,907,3695,4602
222,10/08/2011,3,0,8,0,3,1,1,31.43,34.25,42.42,13.42,884,3896,4780
223,11/08/2011,3,0,8,0,4,1,1,29.42,32.58,42.38,11.04,812,3980,4792
224,12/08/2011,3,0,8,0,5,1,1,29.04,32.7,41.5,8.42,1051,3854,4905
225,13/08/2011,3,0,8,0,6,0,2,28.12,32.29,72.96,14.17,1504,2646,4150
226,14/08/2011,3,0,8,0,0,0,2,27.74,31.22,81.75,14.92,1338,2482,3820
227,15/08/2011,3,0,8,0,1,1,1,27.3,30.81,71.21,14,775,3563,4338
228,16/08/2011,3,0,8,0,2,1,1,28.73,32.29,57.83,15.83,721,4004,4725
229,17/08/2011,3,0,8,0,3,1,1,29.66,33.33,57.54,9.63,668,4026,4694
230,18/08/2011,3,0,8,0,4,1,1,29.18,33.11,65.46,15.62,639,3166,3805
231,19/08/2011,3,0,8,0,5,1,2,28.09,31.66,72.29,9.33,797,3356,4153
232,20/08/2011,3,0,8,0,6,0,1,28.6,32.45,67.42,7,1914,3277,5191
233,21/08/2011,3,0,8,0,0,0,1,29.14,33.78,77,16.67,1249,2624,3873
234,22/08/2011,3,0,8,0,1,1,1,28.36,31.91,47,18.54,833,3925,4758
235,23/08/2011,3,0,8,0,2,1,1,26.27,30.3,45.54,9.83,1281,4614,5895
236,24/08/2011,3,0,8,0,3,1,1,27.61,31.53,60.5,16.96,949,4181,5130
237,25/08/2011,3,0,8,0,4,1,2,28.05,32.29,77.17,14.13,435,3107,3542
238,26/08/2011,3,0,8,0,5,1,1,28.7,32.99,76.13,5.63,768,3893,4661
239,27/08/2011,3,0,8,0,6,0,2,27.88,31.78,85,25.17,226,889,1115
240,28/08/2011,3,0,8,0,0,0,1,28.99,32.4,56.18,20.41,1415,2919,4334
241,29/08/2011,3,0,8,0,1,1,1,26.1,30.4,55.46,10.71,729,3905,4634
242,30/08/2011,3,0,8,0,2,1,1,26.21,29.74,54.83,8.38,775,4429,5204
243,31/08/2011,3,0,8,0,3,1,1,26.92,30.56,59.79,5.58,688,4370,5058
244,01/09/2011,3,0,9,0,4,1,1,26.86,30.75,63.92,9.5,783,4332,5115
245,02/09/2011,3,0,9,0,5,1,2,26.38,30.24,72.71,9.38,875,3852,4727
246,03/09/2011,3,0,9,0,6,0,1,27.44,31.66,71.67,12.42,1935,2549,4484
247,04/09/2011,3,0,9,0,0,0,1,29.08,33.27,74.21,13.83,2521,2419,4940
248,05/09/2011,3,0,9,1,1,0,2,27.61,31.28,79.04,14.25,1236,2115,3351
249,06/09/2011,3,0,9,0,2,1,3,22.14,25.76,88.7,23.04,204,2506,2710
250,07/09/2011,3,0,9,0,3,1,3,24.57,27.21,91.71,6.5,118,1878,1996
251,08/09/2011,3,0,9,0,4,1,3,25.99,27.77,93.96,12.91,153,1689,1842
252,09/09/2011,3,0,9,0,5,1,2,26.65,28.95,89.79,8.33,417,3127,3544
253,10/09/2011,3,0,9,0,6,0,1,27.06,30.4,75.38,10.29,1750,3595,5345
254,11/09/2011,3,0,9,0,0,0,1,26.79,30.46,71.38,7.71,1633,3413,5046
255,12/09/2011,3,0,9,0,1,1,1,26.42,30.11,69.22,5.96,690,4023,4713
256,13/09/2011,3,0,9,0,2,1,1,26.68,30.18,71.25,9.5,701,4062,4763
257,14/09/2011,3,0,9,0,3,1,1,27.61,31.35,69.71,11.21,647,4138,4785
258,15/09/2011,3,0,9,0,4,1,2,23.68,27.68,70.92,18.17,428,3231,3659
259,16/09/2011,3,0,9,0,5,1,2,19.24,23.07,59.04,11,742,4018,4760
260,17/09/2011,3,0,9,0,6,0,2,20.16,23.93,71.83,12.71,1434,3077,4511
261,18/09/2011,3,0,9,0,0,0,1,20.81,24.53,69.5,11.96,1353,2921,4274
262,19/09/2011,3,0,9,0,1,1,2,22.52,26.48,69,10.17,691,3848,4539
263,20/09/2011,3,0,9,0,2,1,2,23.03,26.61,88.13,9.04,438,3203,3641
264,21/09/2011,3,0,9,0,3,1,2,24.4,27.53,90,6.46,539,3813,4352
265,22/09/2011,3,0,9,0,4,1,2,25.76,27.75,90.21,8.58,555,4240,4795
266,23/09/2011,4,0,9,0,5,1,2,24.98,26.11,97.25,5.25,258,2137,2395
267,24/09/2011,4,0,9,0,6,0,2,24.87,28.22,86.25,5.25,1776,3647,5423
268,25/09/2011,4,0,9,0,0,0,2,26,28.63,84.5,3.38,1544,3466,5010
269,26/09/2011,4,0,9,0,1,1,2,26.62,29.45,84.83,7.42,684,3946,4630
270,27/09/2011,4,0,9,0,2,1,2,26.1,28.73,88.54,7.92,477,3643,4120
271,28/09/2011,4,0,9,0,3,1,2,26.04,28.76,84.88,9.96,480,3427,3907
272,29/09/2011,4,0,9,0,4,1,1,25.28,28.73,69.92,11.58,653,4186,4839
273,30/09/2011,4,0,9,0,5,1,1,23.13,27.24,64.75,13.83,830,4372,5202
274,01/10/2011,4,0,10,0,6,0,2,16.81,20.64,75.38,19.58,480,1949,2429
275,02/10/2011,4,0,10,0,0,0,2,14.62,17.27,79.17,14.87,616,2302,2918
276,03/10/2011,4,0,10,0,1,1,2,15.75,19.6,76.08,5.58,330,3240,3570
277,04/10/2011,4,0,10,0,2,1,1,19.85,23.64,71,13.79,486,3970,4456
278,05/10/2011,4,0,10,0,3,1,1,22.07,26.36,64.79,11.88,559,4267,4826
279,06/10/2011,4,0,10,0,4,1,1,20.26,24.02,62.08,9.04,639,4126,4765
280,07/10/2011,4,0,10,0,5,1,1,20.94,25.22,68.42,1.5,949,4036,4985
281,08/10/2011,4,0,10,0,6,0,1,21.39,25.66,70.13,3.04,2235,3174,5409
282,09/10/2011,4,0,10,0,0,0,1,22.17,26.2,72.75,4.25,2397,3114,5511
283,10/10/2011,4,0,10,1,1,0,1,23.4,27.15,73.38,2.83,1514,3603,5117
284,11/10/2011,4,0,10,0,2,1,2,23.23,27.3,80.88,9.58,667,3896,4563
285,12/10/2011,4,0,10,0,3,1,3,22.28,25.89,90.63,16.63,217,2199,2416
286,13/10/2011,4,0,10,0,4,1,2,24.16,27.59,89.67,9.5,290,2623,2913
287,14/10/2011,4,0,10,0,5,1,2,22.58,26.48,71.63,15,529,3115,3644
288,15/10/2011,4,0,10,0,6,0,1,20.77,24.94,48.33,17.29,1899,3318,5217
289,16/10/2011,4,0,10,0,0,0,1,20.98,25.16,48.67,18.88,1748,3293,5041
290,17/10/2011,4,0,10,0,1,1,1,21.9,25.54,57.96,11.75,713,3857,4570
291,18/10/2011,4,0,10,0,2,1,2,21.83,26.14,70.17,7.38,637,4111,4748
292,19/10/2011,4,0,10,0,3,1,3,22.21,25.69,89.52,16.3,254,2170,2424
293,20/10/2011,4,0,10,0,4,1,1,19.51,23.33,63.63,28.29,471,3724,4195
294,21/10/2011,4,0,10,0,5,1,1,17.53,21.18,57.42,14.83,676,3628,4304
295,22/10/2011,4,0,10,0,6,0,1,17.32,21.27,62.92,6.21,1499,2809,4308
296,23/10/2011,4,0,10,0,0,0,1,17.29,21.12,74.13,6.67,1619,2762,4381
297,24/10/2011,4,0,10,0,1,1,1,19,22.85,77.21,7.96,699,3488,4187
298,25/10/2011,4,0,10,0,2,1,1,19.34,23.17,62.29,11.17,695,3992,4687
299,26/10/2011,4,0,10,0,3,1,2,19.85,23.64,72.04,9.96,404,3490,3894
300,27/10/2011,4,0,10,0,4,1,2,19.27,22.85,81.29,13.25,240,2419,2659
301,28/10/2011,4,0,10,0,5,1,2,13.56,15.94,58.58,15.38,456,3291,3747
302,29/10/2011,4,0,10,0,6,0,3,10.42,11.4,88.25,23.54,57,570,627
303,30/10/2011,4,0,10,0,0,0,1,13.09,16.07,62.38,11.83,885,2446,3331
304,31/10/2011,4,0,10,0,1,1,1,13.94,17.8,70.33,7.13,362,3307,3669
305,01/11/2011,4,0,11,0,2,1,1,16.43,19.85,68.38,9.08,410,3658,4068
306,02/11/2011,4,0,11,0,3,1,1,15.48,19.51,71.88,5.5,370,3816,4186
307,03/11/2011,4,0,11,0,4,1,1,16.74,20.3,70.21,9.17,318,3656,3974
308,04/11/2011,4,0,11,0,5,1,2,16.54,20.17,62.25,18.21,470,3576,4046
309,05/11/2011,4,0,11,0,6,0,1,13.39,16.19,51.92,12.67,1156,2770,3926
310,06/11/2011,4,0,11,0,0,0,1,14.28,18.12,73.46,6.17,952,2697,3649
311,07/11/2011,4,0,11,0,1,1,1,16.2,20.04,75.88,3.83,373,3662,4035
312,08/11/2011,4,0,11,0,2,1,1,16.74,20.61,72.17,4.63,376,3829,4205
313,09/11/2011,4,0,11,0,3,1,1,16.4,20.45,75.83,4.17,305,3804,4109
314,10/11/2011,4,0,11,0,4,1,2,15.58,18.69,81.33,12.67,190,2743,2933
315,11/11/2011,4,0,11,1,5,0,1,13.29,15.34,44.63,21.08,440,2928,3368
316,12/11/2011,4,0,11,0,6,0,1,14.62,17.9,55.29,14.21,1275,2792,4067
317,13/11/2011,4,0,11,0,0,0,1,18.07,21.53,45.83,18.88,1004,2713,3717
318,14/11/2011,4,0,11,0,1,1,1,21.73,26.23,58.71,20.54,595,3891,4486
319,15/11/2011,4,0,11,0,2,1,2,21.73,25.38,68.88,13.38,449,3746,4195
320,16/11/2011,4,0,11,0,3,1,3,18.72,22.6,93,9.17,145,1672,1817
321,17/11/2011,4,0,11,0,4,1,2,14.01,16.16,57.58,20.46,139,2914,3053
322,18/11/2011,4,0,11,0,5,1,1,11.24,13.64,41,11.29,245,3147,3392
323,19/11/2011,4,0,11,0,6,0,1,13.5,16.22,50.21,15.04,943,2720,3663
324,20/11/2011,4,0,11,0,0,0,2,19,22.85,68.46,12.46,787,2733,3520
325,21/11/2011,4,0,11,0,1,1,3,18.35,22.25,91,9.25,220,2545,2765
326,22/11/2011,4,0,11,0,2,1,3,17.08,21.08,96.25,7.96,69,1538,1607
327,23/11/2011,4,0,11,0,3,1,2,18.07,21.53,75.79,22.5,112,2454,2566
328,24/11/2011,4,0,11,1,4,0,1,15.31,18.62,54.92,11.21,560,935,1495
329,25/11/2011,4,0,11,0,5,1,1,15.38,19.03,64.38,6.63,1095,1697,2792
330,26/11/2011,4,0,11,0,6,0,1,15.41,19.25,68.17,4.58,1249,1819,3068
331,27/11/2011,4,0,11,0,0,0,1,18.83,22.79,69.83,14,810,2261,3071
332,28/11/2011,4,0,11,0,1,1,1,20.64,24.51,74.3,9.52,253,3614,3867
333,29/11/2011,4,0,11,0,2,1,2,18.79,22.57,83.08,17.29,96,2818,2914
334,30/11/2011,4,0,11,0,3,1,1,13.33,15.56,61.33,18.17,188,3425,3613
335,01/12/2011,4,0,12,0,4,1,1,12.81,15.28,52.46,14.75,182,3545,3727
336,02/12/2011,4,0,12,0,5,1,1,12.88,16.57,62.58,6.75,268,3672,3940
337,03/12/2011,4,0,12,0,6,0,1,12.27,15.53,61.29,6.42,706,2908,3614
338,04/12/2011,4,0,12,0,0,0,1,13.56,17.46,77.58,5.63,634,2851,3485
339,05/12/2011,4,0,12,0,1,1,2,15.82,19.7,82.71,4.17,233,3578,3811
340,06/12/2011,4,0,12,0,2,1,3,18.96,22.82,94.96,15.58,126,2468,2594
341,07/12/2011,4,0,12,0,3,1,3,16.81,20.01,97.04,17.83,50,655,705
342,08/12/2011,4,0,12,0,4,1,1,10.9,12.85,58,16.08,150,3172,3322
343,09/12/2011,4,0,12,0,5,1,1,11.92,15.88,69.58,5.54,261,3359,3620
344,10/12/2011,4,0,12,0,6,0,1,11.28,13.32,50.75,15.63,502,2688,3190
345,11/12/2011,4,0,12,0,0,0,1,9.05,12.66,49,4.46,377,2366,2743
346,12/12/2011,4,0,12,0,1,1,1,9.77,13.51,67.08,4.25,143,3167,3310
347,13/12/2011,4,0,12,0,2,1,1,11.58,15.06,59,9.42,155,3368,3523
348,14/12/2011,4,0,12,0,3,1,2,13.02,16.92,66.38,4.08,178,3562,3740
349,15/12/2011,4,0,12,0,4,1,2,17.32,20.61,63.42,17.96,181,3528,3709
350,16/12/2011,4,0,12,0,5,1,2,15.38,17.99,50.04,17.46,178,3399,3577
351,17/12/2011,4,0,12,0,6,0,2,10.59,12.47,56.08,16.29,275,2464,2739
352,18/12/2011,4,0,12,0,0,0,1,9.77,12.28,58.63,11.38,220,2211,2431
353,19/12/2011,4,0,12,0,1,1,1,11.34,14.05,63.75,11.58,260,3143,3403
354,20/12/2011,4,0,12,0,2,1,2,15.82,19.82,59.54,4.13,216,3534,3750
355,21/12/2011,1,0,12,0,3,1,2,17.56,21.4,85.83,14.83,107,2553,2660
356,22/12/2011,1,0,12,0,4,1,2,17.36,21.31,75.75,3.17,227,2841,3068
357,23/12/2011,1,0,12,0,5,1,1,15.31,18.88,68.63,18.37,163,2046,2209
358,24/12/2011,1,0,12,0,6,0,1,12.4,14.96,54.25,12.75,155,856,1011
359,25/12/2011,1,0,12,0,0,0,1,11.27,14,68.13,10.39,303,451,754
360,26/12/2011,1,0,12,1,1,0,1,13.19,15.78,50.7,16.04,430,887,1317
361,27/12/2011,1,0,12,0,2,1,2,13.33,16.38,76.25,12.63,103,1059,1162
362,28/12/2011,1,0,12,0,3,1,1,12.26,14,50.39,19.7,255,2047,2302
363,29/12/2011,1,0,12,0,4,1,1,10.18,13.19,57.42,8,254,2169,2423
364,30/12/2011,1,0,12,0,5,1,1,12.78,15.94,63.67,9,491,2508,2999
365,31/12/2011,1,0,12,0,6,0,1,16.81,20.71,61.58,14.75,665,1820,2485
366,01/01/2012,1,1,1,0,0,0,1,15.17,18.78,69.25,12.88,686,1608,2294
367,02/01/2012,1,1,1,1,1,0,1,11.19,12.62,38.13,22.09,244,1707,1951
368,03/01/2012,1,1,1,0,2,1,1,6.15,6.31,44.13,24.5,89,2147,2236
369,04/01/2012,1,1,1,0,3,1,2,4.41,5.97,41.46,12.37,95,2273,2368
370,05/01/2012,1,1,1,0,4,1,1,10.9,13.92,52.42,8.71,140,3132,3272
371,06/01/2012,1,1,1,0,5,1,1,13.7,17.01,54.21,11.25,307,3791,4098
372,07/01/2012,1,1,1,0,6,0,1,16.13,19.54,53.17,11.71,1070,3451,4521
373,08/01/2012,1,1,1,0,0,0,1,13.84,17.01,46.5,12.83,599,2826,3425
374,09/01/2012,1,1,1,0,1,1,2,9.19,12.37,70.17,6.63,106,2270,2376
375,10/01/2012,1,1,1,0,2,1,1,12.66,15.94,64.65,12.57,173,3425,3598
376,11/01/2012,1,1,1,0,3,1,2,11.24,14.14,84.75,8.79,92,2085,2177
377,12/01/2012,1,1,1,0,4,1,2,15.68,19.1,80.29,12.12,269,3828,4097
378,13/01/2012,1,1,1,0,5,1,1,11.24,12.47,50.75,25.33,174,3040,3214
379,14/01/2012,1,1,1,0,6,0,1,7.38,9.15,45.75,12.54,333,2160,2493
380,15/01/2012,1,1,1,0,0,0,1,6.83,8.08,41.92,16.83,284,2027,2311
381,16/01/2012,1,1,1,1,1,0,1,7.79,9.53,52.25,15.5,217,2081,2298
382,17/01/2012,1,1,1,0,2,1,2,15.29,18.21,71.61,23.39,127,2808,2935
383,18/01/2012,1,1,1,0,3,1,1,12.44,13.76,44.33,27.83,109,3267,3376
384,19/01/2012,1,1,1,0,4,1,1,7.79,9.5,49.75,14.75,130,3162,3292
385,20/01/2012,1,1,1,0,5,1,2,8.92,11.05,45,13.58,115,3048,3163
386,21/01/2012,1,1,1,0,6,0,2,7.11,8.74,83.13,14.92,67,1234,1301
387,22/01/2012,1,1,1,0,0,0,2,6.66,8.11,79.63,13.38,196,1781,1977
388,23/01/2012,1,1,1,0,1,1,2,8.95,12.15,91.13,7.42,145,2287,2432
389,24/01/2012,1,1,1,0,2,1,1,14.04,17.46,83.58,8.29,439,3900,4339
390,25/01/2012,1,1,1,0,3,1,1,12.06,14.74,64.38,10.79,467,3803,4270
391,26/01/2012,1,1,1,0,4,1,2,14.01,17.8,76.96,4.92,244,3831,4075
392,27/01/2012,1,1,1,0,5,1,2,17.43,20.77,74.13,22.96,269,3187,3456
393,28/01/2012,1,1,1,0,6,0,1,12.95,16.32,54.33,14.13,775,3248,4023
394,29/01/2012,1,1,1,0,0,0,1,11.58,13.64,31.13,16.08,558,2685,3243
395,30/01/2012,1,1,1,0,1,1,1,11.04,13.13,40.08,14.46,126,3498,3624
396,31/01/2012,1,1,1,0,2,1,1,15.99,19.07,41.67,17.54,324,4185,4509
397,01/02/2012,1,1,2,0,3,1,1,19.24,23.33,50.79,12.67,304,4275,4579
398,02/02/2012,1,1,2,0,4,1,2,16.37,19.95,67.29,12.54,190,3571,3761
399,03/02/2012,1,1,2,0,5,1,1,12.85,15.47,52.67,11.96,310,3841,4151
400,04/02/2012,1,1,2,0,6,0,2,10.83,13.64,77.96,8.17,384,2448,2832
401,05/02/2012,1,1,2,0,0,0,2,10.9,13.23,68.79,11.79,318,2629,2947
402,06/02/2012,1,1,2,0,1,1,1,11.59,14.82,62.22,10.3,206,3578,3784
403,07/02/2012,1,1,2,0,2,1,1,14.52,18.06,49.63,9.87,199,4176,4375
404,08/02/2012,1,1,2,0,3,1,2,10.52,13.32,72.29,8.96,109,2693,2802
405,09/02/2012,1,1,2,0,4,1,1,10.87,13.1,56.21,13,163,3667,3830
406,10/02/2012,1,1,2,0,5,1,2,11.51,14.68,54,7.83,227,3604,3831
407,11/02/2012,1,1,2,0,6,0,3,9.19,10.54,73.13,19.42,192,1977,2169
408,12/02/2012,1,1,2,0,0,0,1,5.23,5.08,46.46,27.42,73,1456,1529
409,13/02/2012,1,1,2,0,1,1,1,9.12,11.4,41.13,11.21,94,3328,3422
410,14/02/2012,1,1,2,0,2,1,2,13.09,16.7,50.88,9.46,135,3787,3922
411,15/02/2012,1,1,2,0,3,1,1,14.28,17.58,53.13,12.17,141,4028,4169
412,16/02/2012,1,1,2,0,4,1,2,12.98,16.51,75.29,6.13,74,2931,3005
413,17/02/2012,1,1,2,0,5,1,1,14.08,17.58,63.46,13.79,349,3805,4154
414,18/02/2012,1,1,2,0,6,0,1,14.21,17.77,53.46,12.79,1435,2883,4318
415,19/02/2012,1,1,2,0,0,0,2,11.48,13.29,51.58,16.96,618,2071,2689
416,20/02/2012,1,1,2,1,1,0,1,11.48,13.67,50.78,15.35,502,2627,3129
417,21/02/2012,1,1,2,0,2,1,1,11.8,14.76,59.43,13.78,163,3614,3777
418,22/02/2012,1,1,2,0,3,1,1,16.23,19.63,56.79,15.71,394,4379,4773
419,23/02/2012,1,1,2,0,4,1,1,18.62,22.22,55.46,12.79,516,4546,5062
420,24/02/2012,1,1,2,0,5,1,2,16.71,20.55,73.75,15.92,246,3241,3487
421,25/02/2012,1,1,2,0,6,0,1,11.92,12.78,39.58,28.25,317,2415,2732
422,26/02/2012,1,1,2,0,0,0,1,11.45,13.42,41,13.75,515,2874,3389
423,27/02/2012,1,1,2,0,1,1,1,15.03,17.9,49.08,17.96,253,4069,4322
424,28/02/2012,1,1,2,0,2,1,1,14.73,17.68,39.58,12.96,229,4134,4363
425,29/02/2012,1,1,2,0,3,1,2,14.12,17.42,80.48,12,65,1769,1834
426,01/03/2012,1,1,3,0,4,1,1,19.92,23.77,61.54,15.21,325,4665,4990
427,02/03/2012,1,1,3,0,5,1,2,14.49,17.99,65.71,9.71,246,2948,3194
428,03/03/2012,1,1,3,0,6,0,2,16.98,20.67,62.13,10.79,956,3110,4066
429,04/03/2012,1,1,3,0,0,0,1,13.36,15.15,40.33,22.42,710,2713,3423
430,05/03/2012,1,1,3,0,1,1,1,9.98,12.06,50.63,15.33,203,3130,3333
431,06/03/2012,1,1,3,0,2,1,1,10.59,12.75,45.67,13.46,221,3735,3956
432,07/03/2012,1,1,3,0,3,1,1,16.57,19.26,51.33,23.17,432,4484,4916
433,08/03/2012,1,1,3,0,4,1,1,21.63,26.23,56.75,29.58,486,4896,5382
434,09/03/2012,1,1,3,0,5,1,2,16.84,19.85,40.71,27.79,447,4122,4569
435,10/03/2012,1,1,3,0,6,0,1,11.79,13.89,35.04,15.13,968,3150,4118
436,11/03/2012,1,1,3,0,0,0,1,14.83,17.98,47.7,14.91,1658,3253,4911
437,12/03/2012,1,1,3,0,1,1,1,19.13,22.98,48.92,13.92,838,4460,5298
438,13/03/2012,1,1,3,0,2,1,1,23.17,27.15,61.75,15.88,762,5085,5847
439,14/03/2012,1,1,3,0,3,1,1,23.47,27.43,50.71,7.71,997,5315,6312
440,15/03/2012,1,1,3,0,4,1,1,22.86,26.64,57.96,10.04,1005,5187,6192
441,16/03/2012,1,1,3,0,5,1,2,17.87,21.81,84.21,7.58,548,3830,4378
442,17/03/2012,1,1,3,0,6,0,2,21.08,25.25,75.58,7.42,3155,4681,7836
443,18/03/2012,1,1,3,0,0,0,2,19.37,23.2,81,8.5,2207,3685,5892
444,19/03/2012,1,1,3,0,1,1,1,22.35,26.64,72.88,10.88,982,5171,6153
445,20/03/2012,1,1,3,0,2,1,1,22.99,26.93,80.79,8.13,1051,5042,6093
446,21/03/2012,2,1,3,0,3,1,2,21.8,25.66,82.13,6,1122,5108,6230
447,22/03/2012,2,1,3,0,4,1,1,22.72,26.58,83.13,7.88,1334,5537,6871
448,23/03/2012,2,1,3,0,5,1,2,24.67,28.5,69.42,7.79,2469,5893,8362
449,24/03/2012,2,1,3,0,6,0,2,20.6,24.34,88.54,12.92,1033,2339,3372
450,25/03/2012,2,1,3,0,0,0,2,17.94,21.87,88.08,14.79,1532,3464,4996
451,26/03/2012,2,1,3,0,1,1,1,18.28,21.94,47.79,25.92,795,4763,5558
452,27/03/2012,2,1,3,0,2,1,1,13.26,15.78,29,12.54,531,4571,5102
453,28/03/2012,2,1,3,0,3,1,1,19.85,23.55,48.13,19.54,674,5024,5698
454,29/03/2012,2,1,3,0,4,1,1,20.26,24.12,43.92,21.42,834,5299,6133
455,30/03/2012,2,1,3,0,5,1,2,15.17,18.78,58.08,9.25,796,4663,5459
456,31/03/2012,2,1,3,0,6,0,2,17.39,21.09,73.83,16.79,2301,3934,6235
457,01/04/2012,2,1,4,0,0,0,2,17.46,20.86,67.63,11.54,2347,3694,6041
458,02/04/2012,2,1,4,0,1,1,1,17.79,21.38,50.43,20.91,1208,4728,5936
459,03/04/2012,2,1,4,0,2,1,1,19.13,23.07,39.67,6.71,1348,5424,6772
460,04/04/2012,2,1,4,0,3,1,1,22.21,26.67,46.96,12.13,1058,5378,6436
461,05/04/2012,2,1,4,0,4,1,1,17.84,21.56,37.42,14.71,1192,5265,6457
462,06/04/2012,2,1,4,0,5,1,1,16.54,19.54,37.71,20.13,1807,4653,6460
463,07/04/2012,2,1,4,0,6,0,1,17.94,21.31,25.42,18.42,3252,3605,6857
464,08/04/2012,2,1,4,0,0,0,1,20.5,24.62,27.58,15.58,2230,2939,5169
465,09/04/2012,2,1,4,0,1,1,1,20.06,23.83,31.75,24,905,4680,5585
466,10/04/2012,2,1,4,0,2,1,1,18.31,21.81,43.5,16.71,819,5099,5918
467,11/04/2012,2,1,4,0,3,1,1,14.3,16.86,46.96,19.78,482,4380,4862
468,12/04/2012,2,1,4,0,4,1,1,16.3,19.38,46.63,19.46,663,4746,5409
469,13/04/2012,2,1,4,0,5,1,1,18.14,21.59,40.83,10.42,1252,5146,6398
470,14/04/2012,2,1,4,0,6,0,1,20.3,24.4,50.29,12.79,2795,4665,7460
471,15/04/2012,2,1,4,0,0,0,1,24.87,28.69,50.79,15.08,2846,4286,7132
472,16/04/2012,2,1,4,1,1,0,1,27.23,30.75,56.17,19.08,1198,5172,6370
473,17/04/2012,2,1,4,0,2,1,1,24.94,29.92,39.04,18.33,989,5702,6691
474,18/04/2012,2,1,4,0,3,1,2,19,22.85,56.92,11.25,347,4020,4367
475,19/04/2012,2,1,4,0,4,1,1,20.43,24.65,61.25,4.42,846,5719,6565
476,20/04/2012,2,1,4,0,5,1,1,21.59,25.79,69.46,10.04,1340,5950,7290
477,21/04/2012,2,1,4,0,6,0,1,23.37,27.15,68.29,19,2541,4083,6624
478,22/04/2012,2,1,4,0,0,0,3,16.26,19.48,83.54,23.08,120,907,1027
479,23/04/2012,2,1,4,0,1,1,2,13.19,15.06,76.67,20.33,195,3019,3214
480,24/04/2012,2,1,4,0,2,1,1,16.95,20.26,45.42,16.71,518,5115,5633
481,25/04/2012,2,1,4,0,3,1,1,19.54,23.52,42.79,7.96,655,5541,6196
482,26/04/2012,2,1,4,0,4,1,2,20.43,24.18,75.67,11.83,475,4551,5026
483,27/04/2012,2,1,4,0,5,1,1,18.76,22.63,40.08,23.29,1014,5219,6233
484,28/04/2012,2,1,4,0,6,0,2,15.44,18.88,48.96,8.71,1120,3100,4220
485,29/04/2012,2,1,4,0,0,0,1,18.79,22.51,58.71,7.83,2229,4075,6304
486,30/04/2012,2,1,4,0,1,1,2,19.03,22.88,57,11.5,665,4907,5572
487,01/05/2012,2,1,5,0,2,1,2,25.15,28.85,65.96,10.46,653,5087,5740
488,02/05/2012,2,1,5,0,3,1,1,23.13,26.89,79.71,9.25,667,5502,6169
489,03/05/2012,2,1,5,0,4,1,2,22.96,26.86,76.83,8.96,764,5657,6421
490,04/05/2012,2,1,5,0,5,1,1,25.73,29.55,73.54,10.92,1069,5227,6296
491,05/05/2012,2,1,5,0,6,0,2,25.49,29.23,75.67,10.25,2496,4387,6883
492,06/05/2012,2,1,5,0,0,0,2,23.06,27.34,74,10.04,2135,4224,6359
493,07/05/2012,2,1,5,0,1,1,2,22.04,26.36,66.42,15.46,1008,5265,6273
494,08/05/2012,2,1,5,0,2,1,2,23.85,27.87,68.58,19.83,738,4990,5728
495,09/05/2012,2,1,5,0,3,1,2,23.58,27.65,74.42,14.5,620,4097,4717
496,10/05/2012,2,1,5,0,4,1,1,20.74,24.59,55.21,21.04,1026,5546,6572
497,11/05/2012,2,1,5,0,5,1,1,21.87,26.04,36.04,15.87,1319,5711,7030
498,12/05/2012,2,1,5,0,6,0,1,23.13,27.24,48.04,8.25,2622,4807,7429
499,13/05/2012,2,1,5,0,0,0,1,25.11,29.26,57.63,15.08,2172,3946,6118
500,14/05/2012,2,1,5,0,1,1,2,23.51,27.5,78.96,14.25,342,2501,2843
501,15/05/2012,2,1,5,0,2,1,2,25.08,28.82,79.46,9.88,625,4490,5115
502,16/05/2012,2,1,5,0,3,1,1,26.1,29.8,69.79,8.21,991,6433,7424
503,17/05/2012,2,1,5,0,4,1,1,24.33,28.63,52,15.37,1242,6142,7384
504,18/05/2012,2,1,5,0,5,1,1,23.13,27.56,52.33,9.17,1521,6118,7639
505,19/05/2012,2,1,5,0,6,0,1,24.6,28.35,45.63,5.63,3410,4884,8294
506,20/05/2012,2,1,5,0,0,0,1,25.45,29.2,53.04,17.04,2704,4425,7129
507,21/05/2012,2,1,5,0,1,1,2,24.53,28.28,81.13,15.62,630,3729,4359
508,22/05/2012,2,1,5,0,2,1,2,25.22,29.04,76.58,7.92,819,5254,6073
509,23/05/2012,2,1,5,0,3,1,2,25.49,29.23,77.46,6.83,766,4494,5260
510,24/05/2012,2,1,5,0,4,1,1,26.86,30.34,71.67,11.58,1059,5711,6770
511,25/05/2012,2,1,5,0,5,1,1,27.88,31.38,74.71,9.42,1417,5317,6734
512,26/05/2012,2,1,5,0,6,0,1,28.39,32.13,73.25,13.33,2855,3681,6536
513,27/05/2012,2,1,5,0,0,0,1,28.29,32.07,69.71,14.42,3283,3308,6591
514,28/05/2012,2,1,5,1,1,0,1,29.21,33.97,67.63,13.17,2557,3486,6043
515,29/05/2012,2,1,5,0,2,1,1,29.62,33.65,68.46,19.79,880,4863,5743
516,30/05/2012,2,1,5,0,3,1,2,26.92,30.56,67,9,745,6110,6855
517,31/05/2012,2,1,5,0,4,1,1,27.88,31.57,49.29,13.08,1100,6238,7338
518,01/06/2012,2,1,6,0,5,1,2,26.82,30.4,75.54,15.92,533,3594,4127
519,02/06/2012,2,1,6,0,6,0,1,23.92,28.31,54.92,12.5,2795,5325,8120
520,03/06/2012,2,1,6,0,0,0,1,24.7,28.76,49.33,12.33,2494,5147,7641
521,04/06/2012,2,1,6,0,1,1,1,24.5,28.91,48.71,19.08,1071,5927,6998
522,05/06/2012,2,1,6,0,2,1,2,22.17,26.29,61.33,14.04,968,6033,7001
523,06/06/2012,2,1,6,0,3,1,1,22.72,27.11,61.13,5.17,1027,6028,7055
524,07/06/2012,2,1,6,0,4,1,1,24.7,28.47,56.71,10.54,1038,6456,7494
525,08/06/2012,2,1,6,0,5,1,1,26.62,29.89,46.79,11.75,1488,6248,7736
526,09/06/2012,2,1,6,0,6,0,1,29.14,32.42,43.71,9.67,2708,4790,7498
527,10/06/2012,2,1,6,0,0,0,1,29.79,33.18,53.83,8.96,2224,4374,6598
528,11/06/2012,2,1,6,0,1,1,2,29.55,32.99,58.79,13.92,1017,5647,6664
529,12/06/2012,2,1,6,0,2,1,2,26.79,29.89,83.33,14.37,477,4495,4972
530,13/06/2012,2,1,6,0,3,1,1,26.89,30.56,58.21,23,1173,6248,7421
531,14/06/2012,2,1,6,0,4,1,1,26.58,31.22,56.96,17,1180,6183,7363
532,15/06/2012,2,1,6,0,5,1,1,26.21,29.99,58.96,11.83,1563,6102,7665
533,16/06/2012,2,1,6,0,6,0,1,25.9,29.74,50.42,11.17,2963,4739,7702
534,17/06/2012,2,1,6,0,0,0,1,24.29,28.6,59.88,9.71,2634,4344,6978
535,18/06/2012,2,1,6,0,1,1,2,23.3,27.24,77.79,11.71,653,4446,5099
536,19/06/2012,2,1,6,0,2,1,1,28.22,32.73,69,9.92,968,5857,6825
537,20/06/2012,2,1,6,0,3,1,1,32.08,36.05,59.21,7.63,872,5339,6211
538,21/06/2012,3,1,6,0,4,1,1,33.04,37.63,56.79,7.96,778,5127,5905
539,22/06/2012,3,1,6,0,5,1,1,31.88,36.21,57.38,12.25,964,4859,5823
540,23/06/2012,3,1,6,0,6,0,1,30,32.64,53.46,12.04,2657,4801,7458
541,24/06/2012,3,1,6,0,0,0,1,30.48,33.71,47.92,9.75,2551,4340,6891
542,25/06/2012,3,1,6,0,1,1,1,29.35,32.7,50.42,20.13,1139,5640,6779
543,26/06/2012,3,1,6,0,2,1,1,25.86,29.74,37.33,23.29,1077,6365,7442
544,27/06/2012,3,1,6,0,3,1,1,28.6,32.04,36,18.21,1077,6258,7335
545,28/06/2012,3,1,6,0,4,1,1,30.72,33.78,42.25,11.5,921,5958,6879
546,29/06/2012,3,1,6,0,5,1,1,34.2,39.33,48.88,11.08,829,4634,5463
547,30/06/2012,3,1,6,0,6,0,1,31.37,34.38,60.13,10.79,1455,4232,5687
548,01/07/2012,3,1,7,0,0,0,1,33.45,37.53,51.88,11.29,1421,4110,5531
549,02/07/2012,3,1,7,0,1,1,1,32.05,35.1,44.71,13.08,904,5323,6227
550,03/07/2012,3,1,7,0,2,1,1,32.01,35.13,49.21,8.46,1052,5608,6660
551,04/07/2012,3,1,7,1,3,0,1,32.36,36.62,53.88,9.04,2562,4841,7403
552,05/07/2012,3,1,7,0,4,1,1,33.93,38.07,45.79,13,1405,4836,6241
553,06/07/2012,3,1,7,0,5,1,1,33.96,37.63,45.08,9.79,1366,4841,6207
554,07/07/2012,3,1,7,0,6,0,1,35.33,40.25,49.21,10.96,1448,3392,4840
555,08/07/2012,3,1,7,0,0,0,1,33.72,39.52,57.38,8.42,1203,3469,4672
556,09/07/2012,3,1,7,0,1,1,2,29.14,32.7,68.33,12.13,998,5571,6569
557,10/07/2012,3,1,7,0,2,1,2,29.55,33.24,66.75,10.17,954,5336,6290
558,11/07/2012,3,1,7,0,3,1,1,29.38,32.51,63.33,10.17,975,6289,7264
559,12/07/2012,3,1,7,0,4,1,1,29.35,32.73,52.96,9.83,1032,6414,7446
560,13/07/2012,3,1,7,0,5,1,2,30,33.4,48.58,5.42,1511,5988,7499
561,14/07/2012,3,1,7,0,6,0,2,28.84,33.3,69.92,9.63,2355,4614,6969
562,15/07/2012,3,1,7,0,0,0,1,30.58,35.26,71.79,11.17,1920,4111,6031
563,16/07/2012,3,1,7,0,1,1,1,31.3,36.21,64.5,11,1088,5742,6830
564,17/07/2012,3,1,7,0,2,1,1,33.55,37.78,50.58,7.67,921,5865,6786
565,18/07/2012,3,1,7,0,3,1,1,32.53,37.28,57.71,9.21,799,4914,5713
566,19/07/2012,3,1,7,0,4,1,1,31.57,35.73,60.04,11.08,888,5703,6591
567,20/07/2012,3,1,7,0,5,1,2,27.3,30.65,84.42,14,747,5123,5870
568,21/07/2012,3,1,7,0,6,0,3,24.43,27.5,86.54,14.29,1264,3195,4459
569,22/07/2012,3,1,7,0,0,0,2,27.37,31.16,76.25,6.29,2544,4866,7410
570,23/07/2012,3,1,7,0,1,1,1,30.41,34.5,69.42,9.29,1135,5831,6966
571,24/07/2012,3,1,7,0,2,1,1,30.78,35.32,65.5,14.17,1140,6452,7592
572,25/07/2012,3,1,7,0,3,1,1,29.69,32.7,45,11.04,1383,6790,8173
573,26/07/2012,3,1,7,0,4,1,1,31.84,36.96,59.67,19.08,1036,5825,6861
574,27/07/2012,3,1,7,0,5,1,1,32.05,36.71,59.46,10.25,1259,5645,6904
575,28/07/2012,3,1,7,0,6,0,1,30.99,34.88,61.33,10.54,2234,4451,6685
576,29/07/2012,3,1,7,0,0,0,1,29.59,33.4,62.38,11.42,2153,4444,6597
577,30/07/2012,3,1,7,0,1,1,1,29.96,34.25,66.88,10.29,1040,6065,7105
578,31/07/2012,3,1,7,0,2,1,1,29.25,33.14,70.42,11.08,968,6248,7216
579,01/08/2012,3,1,8,0,3,1,1,29.42,33.37,67.75,9.46,1074,6506,7580
580,02/08/2012,3,1,8,0,4,1,1,30.85,35.35,65.96,8.67,983,6278,7261
581,03/08/2012,3,1,8,0,5,1,2,31.4,36.14,64.25,14.46,1328,5847,7175
582,04/08/2012,3,1,8,0,6,0,1,32.53,37.56,61.33,17.25,2345,4479,6824
583,05/08/2012,3,1,8,0,0,0,1,31.54,36.55,65.25,19.46,1707,3757,5464
584,06/08/2012,3,1,8,0,1,1,2,30.85,35.51,65.42,8.67,1233,5780,7013
585,07/08/2012,3,1,8,0,2,1,2,30.17,34.88,70.38,7.83,1278,5995,7273
586,08/08/2012,3,1,8,0,3,1,2,30.75,35.39,67.29,7.42,1263,6271,7534
587,09/08/2012,3,1,8,0,4,1,1,30.99,34.98,62.04,10.46,1196,6090,7286
588,10/08/2012,3,1,8,0,5,1,2,29.35,33.4,71.58,16,1065,4721,5786
589,11/08/2012,3,1,8,0,6,0,2,28.39,31.91,73.29,13.83,2247,4052,6299
590,12/08/2012,3,1,8,0,0,0,1,28.73,32.23,53.04,8.21,2182,4362,6544
591,13/08/2012,3,1,8,0,1,1,1,29.55,33.11,54.54,9.13,1207,5676,6883
592,14/08/2012,3,1,8,0,2,1,1,29.79,33.84,68.67,11.33,1128,5656,6784
593,15/08/2012,3,1,8,0,3,1,1,28.97,32.7,61.96,11.37,1198,6149,7347
594,16/08/2012,3,1,8,0,4,1,1,29.49,32.73,51.92,9.5,1338,6267,7605
595,17/08/2012,3,1,8,0,5,1,1,29.66,12.12,57.08,15.5,1483,5665,7148
596,18/08/2012,3,1,8,0,6,0,1,27.81,30.9,60.33,11.92,2827,5038,7865
597,19/08/2012,3,1,8,0,0,0,2,26.07,30.18,71.17,5.79,1208,3341,4549
598,20/08/2012,3,1,8,0,1,1,2,26.07,29.8,73.42,8.71,1026,5504,6530
599,21/08/2012,3,1,8,0,2,1,1,26.62,30.05,67.38,4.88,1081,5925,7006
600,22/08/2012,3,1,8,0,3,1,1,27.37,31.09,67.71,4.71,1094,6281,7375
601,23/08/2012,3,1,8,0,4,1,1,28.53,31.85,63.58,5.67,1363,6402,7765
602,24/08/2012,3,1,8,0,5,1,2,28.8,32.36,61.5,4.83,1325,6257,7582
603,25/08/2012,3,1,8,0,6,0,2,27.13,30.93,71.29,16.38,1829,4224,6053
604,26/08/2012,3,1,8,0,0,0,2,26.79,29.8,84.58,15.33,1483,3772,5255
605,27/08/2012,3,1,8,0,1,1,1,28.84,32.73,73.04,8.63,989,5928,6917
606,28/08/2012,3,1,8,0,2,1,1,29.86,33.3,62,12.79,935,6105,7040
607,29/08/2012,3,1,8,0,3,1,1,28.09,31.79,55.21,7.54,1177,6520,7697
608,30/08/2012,3,1,8,0,4,1,1,28.97,32.64,59.04,5.17,1172,6541,7713
609,31/08/2012,3,1,8,0,5,1,1,31.33,34.47,58.75,11.29,1433,5917,7350
610,01/09/2012,3,1,9,0,6,0,2,30.89,35.13,63.83,7.58,2352,3788,6140
611,02/09/2012,3,1,9,0,0,0,2,28.56,32.45,81.5,4.29,2613,3197,5810
612,03/09/2012,3,1,9,1,1,0,1,29.01,33.08,79.08,10.13,1965,4069,6034
613,04/09/2012,3,1,9,0,2,1,1,29.76,34.34,75.5,15.83,867,5997,6864
614,05/09/2012,3,1,9,0,3,1,1,30.2,35.45,74.13,12.58,832,6280,7112
615,06/09/2012,3,1,9,0,4,1,2,28.56,32.77,81.04,9.54,611,5592,6203
616,07/09/2012,3,1,9,0,5,1,1,28.84,32.86,73.63,11.5,1045,6459,7504
617,08/09/2012,3,1,9,0,6,0,2,27.03,30.56,79.92,18.83,1557,4419,5976
618,09/09/2012,3,1,9,0,0,0,1,25.01,28.95,54.75,15.04,2570,5657,8227
619,10/09/2012,3,1,9,0,1,1,1,23.92,28.28,50.38,17.33,1118,6407,7525
620,11/09/2012,3,1,9,0,2,1,1,23.68,27.71,52,6.17,1070,6697,7767
621,12/09/2012,3,1,9,0,3,1,1,24.57,28.5,57.71,8.83,1050,6820,7870
622,13/09/2012,3,1,9,0,4,1,1,25.11,28.98,63.71,5.54,1054,6750,7804
623,14/09/2012,3,1,9,0,5,1,1,25.97,29.7,67.25,6.96,1379,6630,8009
624,15/09/2012,3,1,9,0,6,0,1,24.94,29.29,50.17,16.58,3160,5554,8714
625,16/09/2012,3,1,9,0,0,0,1,23.78,28.16,57,6.04,2166,5167,7333
626,17/09/2012,3,1,9,0,1,1,2,23.81,27.65,73.46,10.17,1022,5847,6869
627,18/09/2012,3,1,9,0,2,1,2,25.56,28.25,87.25,23.96,371,3702,4073
628,19/09/2012,3,1,9,0,3,1,1,22.65,27.02,53.67,14.42,788,6803,7591
629,20/09/2012,3,1,9,0,4,1,1,22.41,26.61,61.83,7.92,939,6781,7720
630,21/09/2012,3,1,9,0,5,1,1,24.57,28.6,66.88,10.33,1250,6917,8167
631,22/09/2012,3,1,9,0,6,0,1,26.65,30.52,64.67,19,2512,5883,8395
632,23/09/2012,4,1,9,0,0,0,1,21.7,25.95,46.71,14.96,2454,5453,7907
633,24/09/2012,4,1,9,0,1,1,1,21.08,25.13,49.29,9.54,1001,6435,7436
634,25/09/2012,4,1,9,0,2,1,1,22.55,27.21,57,15.83,845,6693,7538
635,26/09/2012,4,1,9,0,3,1,1,26.04,29.83,63.08,16.37,787,6946,7733
636,27/09/2012,4,1,9,0,4,1,2,26.65,30.4,69.08,9,751,6642,7393
637,28/09/2012,4,1,9,0,5,1,2,25.39,29.29,69,11,1045,6370,7415
638,29/09/2012,4,1,9,0,6,0,1,22.24,26.51,54.29,15.25,2589,5966,8555
639,30/09/2012,4,1,9,0,0,0,1,21.59,25.88,58.33,9.04,2015,4874,6889
640,01/10/2012,4,1,10,0,1,1,2,21.35,25.6,64.92,6.08,763,6015,6778
641,02/10/2012,4,1,10,0,2,1,3,24.22,27.12,87.17,7,315,4324,4639
642,03/10/2012,4,1,10,0,3,1,2,26.96,29.96,79.38,4.46,728,6844,7572
643,04/10/2012,4,1,10,0,4,1,2,26.96,30.4,72.29,7.88,891,6437,7328
644,05/10/2012,4,1,10,0,5,1,1,25.22,29.01,62.75,7.13,1516,6640,8156
645,06/10/2012,4,1,10,0,6,0,1,22.72,26.93,66.42,17.96,3031,4934,7965
646,07/10/2012,4,1,10,0,0,0,2,17.05,20.99,70.83,9.46,781,2729,3510
647,08/10/2012,4,1,10,1,1,0,2,15.72,19.38,70.96,12.71,874,4604,5478
648,09/10/2012,4,1,10,0,2,1,2,18.31,21.91,76.17,12.75,601,5791,6392
649,10/10/2012,4,1,10,0,3,1,1,21.08,25.16,63.08,12.58,780,6911,7691
650,11/10/2012,4,1,10,0,4,1,1,17.84,21.56,46.33,12.17,834,6736,7570
651,12/10/2012,4,1,10,0,5,1,1,17.94,21.65,53.92,15.75,1060,6222,7282
652,13/10/2012,4,1,10,0,6,0,1,16.13,19.57,49.46,9.79,2252,4857,7109
653,14/10/2012,4,1,10,0,0,0,1,21.39,25.41,64.04,18.67,2080,4559,6639
654,15/10/2012,4,1,10,0,1,1,2,23.03,26.96,70.75,19.83,760,5115,5875
655,16/10/2012,4,1,10,0,2,1,1,19.2,23.04,55.83,12.21,922,6612,7534
656,17/10/2012,4,1,10,0,3,1,1,18.69,22.51,69.29,6.79,979,6482,7461
657,18/10/2012,4,1,10,0,4,1,2,21.42,25.63,72.83,15.87,1008,6501,7509
658,19/10/2012,4,1,10,0,5,1,2,23.1,26.89,81.5,9.04,753,4671,5424
659,20/10/2012,4,1,10,0,6,0,1,19.85,23.64,57.29,7.87,2806,5284,8090
660,21/10/2012,4,1,10,0,0,0,1,19.03,22.82,51,11.13,2132,4692,6824
661,22/10/2012,4,1,10,0,1,1,1,19.99,24.15,56.83,5.46,830,6228,7058
662,23/10/2012,4,1,10,0,2,1,1,22.31,26.52,64.17,6.33,841,6625,7466
663,24/10/2012,4,1,10,0,3,1,1,24.09,27.94,63.63,4.88,795,6898,7693
664,25/10/2012,4,1,10,0,4,1,2,22.55,26.48,80.04,8.33,875,6484,7359
665,26/10/2012,4,1,10,0,5,1,2,22.38,26.14,80.71,8.88,1182,6262,7444
666,27/10/2012,4,1,10,0,6,0,2,21.73,25.76,72,15.79,2643,5209,7852
667,28/10/2012,4,1,10,0,0,0,2,19.58,23.39,69.46,26.67,998,3461,4459
668,29/10/2012,4,1,10,0,1,1,3,18.04,21.97,88,24,2,20,22
669,30/10/2012,4,1,10,0,2,1,2,13.05,15.5,82.55,14.27,87,1009,1096
670,31/10/2012,4,1,10,0,3,1,2,14.66,18.06,66.67,11.17,419,5147,5566
671,01/11/2012,4,1,11,0,4,1,2,15,18.5,58.17,10.54,466,5520,5986
672,02/11/2012,4,1,11,0,5,1,1,14.56,17.8,52.21,17.83,618,5229,5847
673,03/11/2012,4,1,11,0,6,0,2,14.08,16.19,49.13,18.13,1029,4109,5138
674,04/11/2012,4,1,11,0,0,0,1,13.36,16.48,53.29,12,1201,3906,5107
675,05/11/2012,4,1,11,0,1,1,1,13.09,15.4,49.42,15.83,378,4881,5259
676,06/11/2012,4,1,11,0,2,1,1,11.51,14.08,56.71,11.63,466,5220,5686
677,07/11/2012,4,1,11,0,3,1,2,12.13,13.73,54.75,20.38,326,4709,5035
678,08/11/2012,4,1,11,0,4,1,1,14.44,17.09,33.35,23.3,340,4975,5315
679,09/11/2012,4,1,11,0,5,1,1,14.83,17.77,54.08,14.38,709,5283,5992
680,10/11/2012,4,1,11,0,6,0,1,15.96,19.7,64.54,3.88,2090,4446,6536
681,11/11/2012,4,1,11,0,0,0,1,17.25,21.09,65.92,8.54,2290,4562,6852
682,12/11/2012,4,1,11,1,1,0,1,19.89,23.77,74.17,11.63,1097,5172,6269
683,13/11/2012,4,1,11,0,2,1,2,14.08,16.16,66.29,22.92,327,3767,4094
684,14/11/2012,4,1,11,0,3,1,1,11.86,14.08,55.21,13.37,373,5122,5495
685,15/11/2012,4,1,11,0,4,1,2,13.19,16.22,62.04,10.25,320,5125,5445
686,16/11/2012,4,1,11,0,5,1,1,14.15,17.36,52.46,11.46,484,5214,5698
687,17/11/2012,4,1,11,0,6,0,1,13.33,16.32,54.54,12.04,1313,4316,5629
688,18/11/2012,4,1,11,0,0,0,1,14.04,16.89,69.29,15.25,922,3747,4669
689,19/11/2012,4,1,11,0,1,1,2,15.61,18.78,62.33,15.75,449,5050,5499
690,20/11/2012,4,1,11,0,2,1,2,15.34,19.03,68.5,5.54,534,5100,5634
691,21/11/2012,4,1,11,0,3,1,1,14.49,18.24,61.38,6.92,615,4531,5146
692,22/11/2012,4,1,11,1,4,0,1,13.94,17.52,58.04,3.54,955,1470,2425
693,23/11/2012,4,1,11,0,5,1,1,15.1,18.94,56.88,9.92,1603,2307,3910
694,24/11/2012,4,1,11,0,6,0,1,11.41,12.44,40.46,25.25,532,1745,2277
695,25/11/2012,4,1,11,0,0,0,1,10.08,12.88,46.83,10.08,309,2115,2424
696,26/11/2012,4,1,11,0,1,1,1,12.85,16.95,53.54,3.13,337,4750,5087
697,27/11/2012,4,1,11,0,2,1,2,11.96,14.08,78.67,15.92,123,3836,3959
698,28/11/2012,4,1,11,0,3,1,1,12.16,14.49,50.63,14.13,198,5062,5260
699,29/11/2012,4,1,11,0,4,1,1,11.52,14.92,55.57,7.74,243,5080,5323
700,30/11/2012,4,1,11,0,5,1,1,12.23,16.19,64.96,3.92,362,5306,5668
701,01/12/2012,4,1,12,0,6,0,2,12.23,15.85,80.67,4,951,4240,5191
702,02/12/2012,4,1,12,0,0,0,2,14.25,17.96,82.33,8.33,892,3757,4649
703,03/12/2012,4,1,12,0,1,1,1,18.55,22.79,76.75,5.54,555,5679,6234
704,04/12/2012,4,1,12,0,2,1,1,19.51,23.45,73.38,11.67,551,6055,6606
705,05/12/2012,4,1,12,0,3,1,1,17.97,21.4,48.5,21.71,331,5398,5729
706,06/12/2012,4,1,12,0,4,1,1,10.49,12.91,50.88,11.71,340,5035,5375
707,07/12/2012,4,1,12,0,5,1,2,13.15,16.1,76.42,8.75,349,4659,5008
708,08/12/2012,4,1,12,0,6,0,2,15.65,19.48,91.13,6.79,1153,4429,5582
709,09/12/2012,4,1,12,0,0,0,2,15.75,19.51,90.54,10.58,441,2787,3228
710,10/12/2012,4,1,12,0,1,1,2,17.87,21.78,92.5,12.75,329,4841,5170
711,11/12/2012,4,1,12,0,2,1,2,14.49,16.92,59.67,19.83,282,5219,5501
712,12/12/2012,4,1,12,0,3,1,2,12.2,14.87,53.83,10.92,310,5009,5319
713,13/12/2012,4,1,12,0,4,1,1,12.13,14.71,48.58,11.67,425,5107,5532
714,14/12/2012,4,1,12,0,5,1,1,11.55,14.71,64.29,8.79,429,5182,5611
715,15/12/2012,4,1,12,0,6,0,1,13.29,16.92,65.04,7.13,767,4280,5047
716,16/12/2012,4,1,12,0,0,0,2,14.86,18.5,83.88,6.75,538,3248,3786
717,17/12/2012,4,1,12,0,1,1,2,16.13,20.08,90.71,6.58,212,4373,4585
718,18/12/2012,4,1,12,0,2,1,1,16.84,20.49,66.63,14.83,433,5124,5557
719,19/12/2012,4,1,12,0,3,1,1,13.63,17.11,62.54,12.33,333,4934,5267
720,20/12/2012,4,1,12,0,4,1,2,13.53,16.76,66.79,8.88,314,3814,4128
721,21/12/2012,1,1,12,0,5,1,2,13.39,15.09,55.67,25.08,221,3402,3623
722,22/12/2012,1,1,12,0,6,0,1,10.9,11.81,44.13,27.29,205,1544,1749
723,23/12/2012,1,1,12,0,0,0,1,10.08,12.97,51.54,8.92,408,1379,1787
724,24/12/2012,1,1,12,0,1,1,2,9.48,12.95,79.13,5.17,174,746,920
725,25/12/2012,1,1,12,1,2,0,2,11.94,14.72,73.48,11.3,440,573,1013
726,26/12/2012,1,1,12,0,3,1,3,9.98,11.02,82.33,21.21,9,432,441
727,27/12/2012,1,1,12,0,4,1,2,10.42,11.33,65.29,23.46,247,1867,2114
728,28/12/2012,1,1,12,0,5,1,2,10.39,12.75,59,10.42,644,2451,3095
729,29/12/2012,1,1,12,0,6,0,2,10.39,12.12,75.29,8.33,159,1182,1341
730,30/12/2012,1,1,12,0,0,0,1,10.49,11.59,48.33,23.5,364,1432,1796
731,31/12/2012,1,1,12,0,1,1,2,8.85,11.17,57.75,10.37,439,2290,2729
